category,so_san_pham,tong_ds,gia_tb,pct_doanh_so
Sốt & Gia vị pha sẵn,77,112301870464,91561.6753246753,44.09
Nước tương & Dầu hào,9,89127437141,81477.7777777778,34.99
Nước mắm & Mắm,50,32320770704,270208.04,12.69
Muối & Bột gia vị,23,15823476212,53462.5652173913,6.21
Gia vị nấu & Mì ăn liền,27,2914378800,88716.9259259259,1.14
Khác,14,2247141940,91000.7857142857,0.88
